Workbook

Sheet Total Cost Summary
B1: Cost Model A: Like for Like Migration (PAYG)
A2: Region | B2: Monthly Compute Cost | C2: Monthly Storage Cost | D2: Total Cost | E2: Oracle Server Separate Costs | F2: Annual Cost
A3: UK South | B3: 194144.08 | C3: 43961.64 | D3: =C3+B3 -> 238105.72 | E3: ='Oracle - Azure UK South Pricing'!C5 -> 780722.64 | F3: =(D3*12)+E3 -> 3637991.3
A4: North Europe | B4: 189846.18 | C4: 39965.12 | D4: =C4+B4 -> 229811.3 | E4: ='Oracle - Azure NEU Pricing'!C5 -> 660267.36 | F4: =(D4*12)+E4 -> 3418003
A5: Germany West Central | B5: 191309.86 | C5: 39965.12 | D5: =C5+B5 -> 231274.98 | E5: =Table14[[#This Row],[PAYG Compute]] -> 724024.08 | F5: =(D5*12)+E5 -> 3499323.8
B7: Cost Model B: Like for Like (Reserved Instances)
A8: Region | B8: Monthly Compute Cost | C8: Monthly Storage Cost | D8: Total Monthly Cost | E8: Oracle Server Separate Costs | F8: Annual Cost
A9: UK South | B9: 103769.15 | C9: 47784.39 | D9: =C9+B9 -> 151553.54 | E9: ='Oracle - Azure UK South Pricing'!D5 -> 714492.72 | F9: =(D9*12)+E9 -> 2533135.2
A10: North Europe | B10: 99970.71 | C10: 43440.35 | D10: =C10+B10 -> 143411.06 | E10: ='Oracle - Azure NEU Pricing'!D5 -> 596713.68 | F10: =(D10*12)+E10 -> 2317646.4
A11: Germany West Central | B11: 106071.78 | C11: 43440.35 | D11: =C11+B11 -> 149512.13 | E11: ='Oracle - Azure GWC Pricing'!D5 -> 655229.52 | F11: =(D11*12)+E11 -> 2449375.1
B13: Cost Model C: Reserved Instances (w/ Azure Hybrid Benefit)
A14: Region | B14: Monthly Compute Cost | C14: Monthly Storage Cost | D14: Total Monthly Cost | E14: Oracle Server Separate Costs | F14: Annual Cost
A15: UK South | B15: 80591.71 | C15: 47784.39 | D15: =C15+B15 -> 128376.1 | E15: ='Oracle - Azure UK South Pricing'!E5 -> 709937.28 | F15: =(D15*12)+E15 -> 2250450.5
A16: North Europe | B16: 76793.26 | C16: 43440.35 | D16: =C16+B16 -> 120233.61 | E16: ='Oracle - Azure NEU Pricing'!E5 -> 592158.24 | F16: =(D16*12)+E16 -> 2034961.6
A17: Germany West Central | B17: 83102.65 | C17: 43440.35 | D17: =C17+B17 -> 126543 | E17: ='Oracle - Azure GWC Pricing'!E5 -> 650674.08 | F17: =(D17*12)+E17 -> 2169190.1
B19: Cost Model D: Enteprise Cost Profile (w/ Azure Hybrid Benefit) *Includes Large Oracle Servers
A20: Region | B20: Monthly PAYG @ 30% | C20: Monthly Ris @70% | D20: Monthly Cost | E20: Annual Cost
A21: UK South | B21: =(D3+'Oracle - Azure UK South Pricing'!O15+'Oracle - Azure UK South Pricing'!N24)*0.3 -> 90949.782 | C21: =(D15+'Oracle - Azure UK South Pricing'!S15+'Oracle - Azure UK South Pricing'!N24)*0.7 -> 131276.28 | D21: =C21+B21 -> 222226.06 | E21: =D21*12 -> 2666712.7
A22: North Europe | B22: =(D4+'Oracle - Azure NEU Pricing'!O15+'Oracle - Azure NEU Pricing'!N24)*0.3 -> 85450.074 | C22: =(D16+'Oracle - Azure NEU Pricing'!S15+'Oracle - Azure NEU Pricing'!N24)*0.7 -> 118706.09 | D22: =C22+B22 -> 204156.16 | E22: =D22*12 -> 2449874
A23: Germany West Central | B23: =(D5+'Oracle - Azure GWC Pricing'!O15+'Oracle - Azure GWC Pricing'!N24)*0.3 -> 87483.096 | C23: =(D17+'Oracle - Azure GWC Pricing'!S15+'Oracle - Azure GWC Pricing'!N24)*0.7 -> 126536.09 | D23: =C23+B23 -> 214019.18 | E23: =D23*12 -> 2568230.2
A25: Notes | B25: The numbers above require a full assessment to ensure we provide accurate numbers for an Azure migration. Not based on a "point of time" data output

Sheet Oracle - Azure UK South Pricing
H1: Assumptions
B2: Summary for UK South | C2: PAYG Compute | D2: Ris Compute | E2: Ris (w/AHB) Compute
B3: Total Yearly Compute Cost | C3: =P15 -> 111372.48 | D3: =R15 -> 45142.56 | E3: =T15 -> 40587.12
B4: Total Yearly Disk Price | C4: =SUM(M18:M23) -> 669350.16 | D4: =SUM(M18:M23) -> 669350.16 | E4: =SUM(M18:M23) -> 669350.16
B5: Total for each Cost Annual Model | C5: =C3+C4 -> 780722.64 | D5: =D3+D4 -> 714492.72 | E5: =E3+E4 -> 709937.28
B7: UK South Pricing - Compute
B8: Name | C8: Class | D8: Database? | E8: Business Service | F8: Server Location | G8: Prod/NonProd Asset | H8: Cores | I8: Memory (GB) | J8: Memory (MB) | K8: Storage (GB) | L8: Azure Mapping | M8: Recommended Azure VM SKU | N8: Details on SKU | O8: Monthly SKU PAYG Price | P8: Yearly Price - PAYG | Q8: Monthly SKU Ris Price | R8: Yearly Price - Ris | S8: Monthly SKU Ris Price (w/ AHB) | T8: Yearly Price - Ris w/ AHB
B9: oracle-a1.hsk.mol.dmgt.net | C9: Linux Server | D9: Oracle | E9: MOL - Oracle | F9: Slough | G9: MOL Production | H9: 8 | I9: =J9/1024 -> 250.92383 | J9: 256946 | K9: 81274.88 | L9: 16 vCPUs | M9: E32-8ads v7 | N9: 8 vCPUs, 256 GB RAM, 1760 GB Temp Storage | O9: 1546.84 | P9: =O9*12 -> 18562.08 | Q9: 626.98 | R9: =Q9*12 -> 7523.76 | S9: 563.71 | T9: =S9*12 -> 6764.52
B10: oracle-a1.int.mol.dmgt.net | C10: Linux Server | D10: Oracle | E10: MOL - Oracle | F10: Slough | G10: MOL Non Production | H10: 8 | I10: =J10/1024 -> 250.85352 | J10: 256874 | K10: 114053.1 | L10: 16 CPUs | M10: E32-8ads v7 | N10: 8 vCPUs, 256 GB RAM, 1760 GB Temp Storage | O10: 1546.84 | P10: =O10*12 -> 18562.08 | Q10: 626.98 | R10: =Q10*12 -> 7523.76 | S10: 563.71 | T10: =S10*12 -> 6764.52
B11: oracle-a2.hsk.mol.dmgt.net | C11: Linux Server | D11: Oracle | E11: MOL - Oracle | F11: Slough | G11: MOL Production | H11: 8 | I11: =J11/1024 -> 250.92383 | J11: 256946 | K11: 81274.88 | L11: 16 vCPUs | M11: E32-8ads v7 | N11: 8 vCPUs, 256 GB RAM, 1760 GB Temp Storage | O11: 1546.84 | P11: =O11*12 -> 18562.08 | Q11: 626.98 | R11: =Q11*12 -> 7523.76 | S11: 563.71 | T11: =S11*12 -> 6764.52
B12: oracle-a2.int.mol.dmgt.net | C12: Linux Server | D12: Oracle | E12: MOL - Oracle | F12: Slough | G12: MOL Non Production | H12: 8 | I12: =J12/1024 -> 250.87695 | J12: 256898 | K12: 114042.9 | L12: 16 vCPUs | M12: E32-8ads v7 | N12: 8 vCPUs, 256 GB RAM, 1760 GB Temp Storage | O12: 1546.84 | P12: =O12*12 -> 18562.08 | Q12: 626.98 | R12: =Q12*12 -> 7523.76 | S12: 563.71 | T12: =S12*12 -> 6764.52
B13: oracle-b1.hsk.mol.dmgt.net | C13: Linux Server | D13: Oracle | E13: MOL - Oracle | F13: Slough | G13: MOL Production | H13: 8 | I13: =J13/1024 -> 250.92383 | J13: 256946 | K13: 81274.88 | L13: 16 CPUs | M13: E32-8ads v7 | N13: 8 vCPUs, 256 GB RAM, 1760 GB Temp Storage | O13: 1546.84 | P13: =O13*12 -> 18562.08 | Q13: 626.98 | R13: =Q13*12 -> 7523.76 | S13: 563.71 | T13: =S13*12 -> 6764.52
B14: oracle-b2.hsk.mol.dmgt.net | C14: Linux Server | D14: Oracle | E14: MOL - Oracle | F14: SLough | G14: MOL Production | H14: 8 | I14: =J14/1024 -> 250.92383 | J14: 256946 | K14: 81274.88 | L14: 16 vCPUs | M14: E32-8ads v7 | N14: 8 vCPUs, 256 GB RAM, 1760 GB Temp Storage | O14: 1546.84 | P14: =O14*12 -> 18562.08 | Q14: 626.98 | R14: =Q14*12 -> 7523.76 | S14: 563.71 | T14: =S14*12 -> 6764.52
O15: =SUM(O9:O14) -> 9281.04 | P15: =SUM(P9:P14) -> 111372.48 | Q15: =SUM(Q9:Q14) -> 3761.88 | R15: =SUM(R9:R14) -> 45142.56 | S15: =SUM(S9:S14) -> 3382.26 | T15: =SUM(T9:T14) -> 40587.12
B16: UK South Pricing - Storage
B17: Name | C17: Storage (GB) | D17: Recommended Disk | E17: Disk 1 | F17: Monthly Price | G17: Disk 2 | H17: Monthly Price | I17: Disk 3 | J17: Monthly Price | K17: Disk 4 (where applicable) | L17: Monthly Price | M17: Annual Price in Total | N17: Monthly Cost for Cost Model D
B18: oracle-a1.hsk.mol.dmgt.net | C18: 81274.88 | D18: Premium SSD LRS | E18: P80 (32767 GiB) | F18: 3281.13 | G18: P80 (32767 GiB) | H18: 3281.13 | I18: P70 (16384 GiB) | J18: 1640.56 | K18: N/A | M18: =(F18+H18+J18+L18)*12 -> 98433.84 | N18: =(F18+H18+J18+L18) -> 8202.82
B19: oracle-a1.int.mol.dmgt.net | C19: 114053.1 | D19: Premium SSD LRS | E19: P80 (32767 GiB) | F19: 3281.13 | G19: P80 (32767 GiB) | H19: 3281.13 | I19: P80 (32767 GiB) | J19: 3281.13 | K19: P70 (16384 GiB) | L19: 1640.56 | M19: =(F19+H19+J19+L19)*12 -> 137807.4 | N19: =(F19+H19+J19+L19) -> 11483.95
B20: oracle-a2.hsk.mol.dmgt.net | C20: 81274.88 | D20: Premium SSD LRS | E20: P80 (32767 GiB) | F20: 3281.13 | G20: P80 (32767 GiB) | H20: 3281.13 | I20: P70 (16384 GiB) | J20: 1640.56 | K20: N/A | M20: =(F20+H20+J20+L20)*12 -> 98433.84 | N20: =(F20+H20+J20+L20) -> 8202.82
B21: oracle-a2.int.mol.dmgt.net | C21: 114042.9 | D21: Premium SSD LRS | E21: P80 (32767 GiB) | F21: 3281.13 | G21: P80 (32767 GiB) | H21: 3281.13 | I21: P80 (32767 GiB) | J21: 3281.13 | K21: P70 (16384 GiB) | L21: 1640.56 | M21: =(F21+H21+J21+L21)*12 -> 137807.4 | N21: =(F21+H21+J21+L21) -> 11483.95
B22: oracle-b1.hsk.mol.dmgt.net | C22: 81274.88 | D22: Premium SSD LRS | E22: P80 (32767 GiB) | F22: 3281.13 | G22: P80 (32767 GiB) | H22: 3281.13 | I22: P70 (16384 GiB) | J22: 1640.56 | K22: N/A | M22: =(F22+H22+J22+L22)*12 -> 98433.84 | N22: =(F22+H22+J22+L22) -> 8202.82
B23: oracle-b2.hsk.mol.dmgt.net | C23: 81274.88 | D23: Premium SSD LRS | E23: P80 (32767 GiB) | F23: 3281.13 | G23: P80 (32767 GiB) | H23: 3281.13 | I23: P70 (16384 GiB) | J23: 1640.56 | K23: N/A | M23: =(F23+H23+J23+L23)*12 -> 98433.84 | N23: =(F23+H23+J23+L23) -> 8202.82
N24: =SUM(N18:N23) -> 55779.18

Sheet Oracle - Azure NEU Pricing
B2: Summary for North Europe | C2: PAYG Compute | D2: Ris Compute | E2: Ris (w/AHB) Compute
B3: Total Yearly Compute Cost | C3: =P15 -> 107061.84 | D3: =R15 -> 43508.16 | E3: =T15 -> 38952.72
B4: Total Yearly Disk Price | C4: =SUM(M18:M23) -> 553205.52 | D4: =SUM(M18:M23) -> 553205.52 | E4: =SUM(M18:M23) -> 553205.52
B5: Total for each Cost Annual Model | C5: =C3+C4 -> 660267.36 | D5: =D3+D4 -> 596713.68 | E5: =E3+E4 -> 592158.24
B7: North Europe Pricing - Compute
B8: Name | C8: Class | D8: Database? | E8: Business Service | F8: Server Location | G8: Prod/NonProd Asset | H8: Cores | I8: Memory (GB) | J8: Memory (MB) | K8: Storage (GB) | L8: Azure Mapping | M8: Recommended Azure VM SKU | N8: Details on SKU | O8: Monthly SKU PAYG Price | P8: Yearly Price - PAYG | Q8: Monthly SKU Ris Price | R8: Yearly Price - Ris | S8: Monthly SKU Ris Price (w/ AHB) | T8: Yearly Price - Ris w/ AHB
B9: oracle-a1.hsk.mol.dmgt.net | C9: Linux Server | D9: Oracle | E9: MOL - Oracle | F9: Slough | G9: MOL Production | H9: 8 | I9: =J9/1024 -> 250.92383 | J9: 256946 | K9: 81274.88 | L9: 16 vCPUs | M9: E32-8ads v7 | N9: 8 vCPUs, 256 GB RAM, 1760 GB Temp Storage | O9: 1486.97 | P9: =O9*12 -> 17843.64 | Q9: 604.28 | R9: =Q9*12 -> 7251.36 | S9: 541.01 | T9: =S9*12 -> 6492.12
B10: oracle-a1.int.mol.dmgt.net | C10: Linux Server | D10: Oracle | E10: MOL - Oracle | F10: Slough | G10: MOL Non Production | H10: 8 | I10: =J10/1024 -> 250.85352 | J10: 256874 | K10: 114053.1 | L10: 16 CPUs | M10: E32-8ads v7 | N10: 8 vCPUs, 256 GB RAM, 1760 GB Temp Storage | O10: 1486.97 | P10: =O10*12 -> 17843.64 | Q10: 604.28 | R10: =Q10*12 -> 7251.36 | S10: 541.01 | T10: =S10*12 -> 6492.12
B11: oracle-a2.hsk.mol.dmgt.net | C11: Linux Server | D11: Oracle | E11: MOL - Oracle | F11: Slough | G11: MOL Production | H11: 8 | I11: =J11/1024 -> 250.92383 | J11: 256946 | K11: 81274.88 | L11: 16 vCPUs | M11: E32-8ads v7 | N11: 8 vCPUs, 256 GB RAM, 1760 GB Temp Storage | O11: 1486.97 | P11: =O11*12 -> 17843.64 | Q11: 604.28 | R11: =Q11*12 -> 7251.36 | S11: 541.01 | T11: =S11*12 -> 6492.12
B12: oracle-a2.int.mol.dmgt.net | C12: Linux Server | D12: Oracle | E12: MOL - Oracle | F12: Slough | G12: MOL Non Production | H12: 8 | I12: =J12/1024 -> 250.87695 | J12: 256898 | K12: 114042.9 | L12: 16 vCPUs | M12: E32-8ads v7 | N12: 8 vCPUs, 256 GB RAM, 1760 GB Temp Storage | O12: 1486.97 | P12: =O12*12 -> 17843.64 | Q12: 604.28 | R12: =Q12*12 -> 7251.36 | S12: 541.01 | T12: =S12*12 -> 6492.12
B13: oracle-b1.hsk.mol.dmgt.net | C13: Linux Server | D13: Oracle | E13: MOL - Oracle | F13: Slough | G13: MOL Production | H13: 8 | I13: =J13/1024 -> 250.92383 | J13: 256946 | K13: 81274.88 | L13: 16 CPUs | M13: E32-8ads v7 | N13: 8 vCPUs, 256 GB RAM, 1760 GB Temp Storage | O13: 1486.97 | P13: =O13*12 -> 17843.64 | Q13: 604.28 | R13: =Q13*12 -> 7251.36 | S13: 541.01 | T13: =S13*12 -> 6492.12
B14: oracle-b2.hsk.mol.dmgt.net | C14: Linux Server | D14: Oracle | E14: MOL - Oracle | F14: SLough | G14: MOL Production | H14: 8 | I14: =J14/1024 -> 250.92383 | J14: 256946 | K14: 81274.88 | L14: 16 vCPUs | M14: E32-8ads v7 | N14: 8 vCPUs, 256 GB RAM, 1760 GB Temp Storage | O14: 1486.97 | P14: =O14*12 -> 17843.64 | Q14: 604.28 | R14: =Q14*12 -> 7251.36 | S14: 541.01 | T14: =S14*12 -> 6492.12
O15: =SUM(O9:O14) -> 8921.82 | P15: =SUM(P9:P14) -> 107061.84 | Q15: =SUM(Q9:Q14) -> 3625.68 | R15: =SUM(R9:R14) -> 43508.16 | S15: =SUM(S9:S14) -> 3246.06 | T15: =SUM(T9:T14) -> 38952.72
B16: North Europe Pricing - Storage
B17: Name | C17: Storage (GB) | D17: Recommended Disk | E17: Disk 1 | F17: Monthly Price | G17: Disk 2 | H17: Monthly Price | I17: Disk 3 | J17: Monthly Price | K17: Disk 4 (where applicable) | L17: Monthly Price | M17: Annual Price in Total | N17: Monthly Cost for Cost Model D
B18: oracle-a1.hsk.mol.dmgt.net | C18: 81274.88 | D18: Premium SSD LRS | E18: P80 (32767 GiB) | F18: 2711.79 | G18: P80 (32767 GiB) | H18: 2711.79 | I18: P70 (16384 GiB) | J18: 1355.9 | K18: N/A | M18: =(F18+H18+J18+L18)*12 -> 81353.76 | N18: =(F18+H18+J18+L18) -> 6779.48
B19: oracle-a1.int.mol.dmgt.net | C19: 114053.1 | D19: Premium SSD LRS | E19: P80 (32767 GiB) | F19: 2711.79 | G19: P80 (32767 GiB) | H19: 2711.79 | I19: P80 (32767 GiB) | J19: 2711.79 | K19: P70 (16384 GiB) | L19: 1355.9 | M19: =(F19+H19+J19+L19)*12 -> 113895.24 | N19: =(F19+H19+J19+L19) -> 9491.27
B20: oracle-a2.hsk.mol.dmgt.net | C20: 81274.88 | D20: Premium SSD LRS | E20: P80 (32767 GiB) | F20: 2711.79 | G20: P80 (32767 GiB) | H20: 2711.79 | I20: P70 (16384 GiB) | J20: 1355.9 | K20: N/A | M20: =(F20+H20+J20+L20)*12 -> 81353.76 | N20: =(F20+H20+J20+L20) -> 6779.48
B21: oracle-a2.int.mol.dmgt.net | C21: 114042.9 | D21: Premium SSD LRS | E21: P80 (32767 GiB) | F21: 2711.79 | G21: P80 (32767 GiB) | H21: 2711.79 | I21: P80 (32767 GiB) | J21: 2711.79 | K21: P70 (16384 GiB) | L21: 1355.9 | M21: =(F21+H21+J21+L21)*12 -> 113895.24 | N21: =(F21+H21+J21+L21) -> 9491.27
B22: oracle-b1.hsk.mol.dmgt.net | C22: 81274.88 | D22: Premium SSD LRS | E22: P80 (32767 GiB) | F22: 2711.79 | G22: P80 (32767 GiB) | H22: 2711.79 | I22: P70 (16384 GiB) | J22: 1355.9 | K22: N/A | M22: =(F22+H22+J22+L22)*12 -> 81353.76 | N22: =(F22+H22+J22+L22) -> 6779.48
B23: oracle-b2.hsk.mol.dmgt.net | C23: 81274.88 | D23: Premium SSD LRS | E23: P80 (32767 GiB) | F23: 2711.79 | G23: P80 (32767 GiB) | H23: 2711.79 | I23: P70 (16384 GiB) | J23: 1355.9 | K23: N/A | M23: =(F23+H23+J23+L23)*12 -> 81353.76 | N23: =(F23+H23+J23+L23) -> 6779.48
N24: =SUM(N18:N23) -> 46100.46

Sheet Oracle - Azure GWC Pricing
B2: Summary for Germany West Central | C2: PAYG Compute | D2: Ris Compute | E2: Ris (w/AHB) Compute
B3: Total Yearly Compute Cost | C3: =P15 -> 115524.72 | D3: =R15 -> 46730.16 | E3: =T15 -> 42174.72
B4: Total Yearly Disk Price | C4: =SUM(M18:M23) -> 608499.36 | D4: =SUM(M18:M23) -> 608499.36 | E4: =SUM(M18:M23) -> 608499.36
B5: Total for each Cost Annual Model | C5: =C3+C4 -> 724024.08 | D5: =D3+D4 -> 655229.52 | E5: =E3+E4 -> 650674.08
B7: Germany West Central Pricing - Compute
B8: Name | C8: Class | D8: Database? | E8: Business Service | F8: Server Location | G8: Prod/NonProd Asset | H8: Cores | I8: Memory (GB) | J8: Memory (MB) | K8: Storage (GB) | L8: Azure Mapping | M8: Recommended Azure VM SKU | N8: Details on SKU | O8: Monthly SKU PAYG Price | P8: Yearly Price - PAYG | Q8: Monthly SKU Ris Price | R8: Yearly Price - Ris | S8: Monthly SKU Ris Price (w/ AHB) | T8: Yearly Price - Ris w/ AHB
B9: oracle-a1.hsk.mol.dmgt.net | C9: Linux Server | D9: Oracle | E9: MOL - Oracle | F9: Slough | G9: MOL Production | H9: 8 | I9: =J9/1024 -> 250.92383 | J9: 256946 | K9: 81274.88 | L9: 16 vCPUs | M9: E32-8ads v7 | N9: 8 vCPUs, 256 GB RAM, 1760 GB Temp Storage | O9: 1604.51 | P9: =O9*12 -> 19254.12 | Q9: 649.03 | R9: =Q9*12 -> 7788.36 | S9: 585.76 | T9: =S9*12 -> 7029.12
B10: oracle-a1.int.mol.dmgt.net | C10: Linux Server | D10: Oracle | E10: MOL - Oracle | F10: Slough | G10: MOL Non Production | H10: 8 | I10: =J10/1024 -> 250.85352 | J10: 256874 | K10: 114053.1 | L10: 16 CPUs | M10: E32-8ads v7 | N10: 8 vCPUs, 256 GB RAM, 1760 GB Temp Storage | O10: 1604.51 | P10: =O10*12 -> 19254.12 | Q10: 649.03 | R10: =Q10*12 -> 7788.36 | S10: 585.76 | T10: =S10*12 -> 7029.12
B11: oracle-a2.hsk.mol.dmgt.net | C11: Linux Server | D11: Oracle | E11: MOL - Oracle | F11: Slough | G11: MOL Production | H11: 8 | I11: =J11/1024 -> 250.92383 | J11: 256946 | K11: 81274.88 | L11: 16 vCPUs | M11: E32-8ads v7 | N11: 8 vCPUs, 256 GB RAM, 1760 GB Temp Storage | O11: 1604.51 | P11: =O11*12 -> 19254.12 | Q11: 649.03 | R11: =Q11*12 -> 7788.36 | S11: 585.76 | T11: =S11*12 -> 7029.12
B12: oracle-a2.int.mol.dmgt.net | C12: Linux Server | D12: Oracle | E12: MOL - Oracle | F12: Slough | G12: MOL Non Production | H12: 8 | I12: =J12/1024 -> 250.87695 | J12: 256898 | K12: 114042.9 | L12: 16 vCPUs | M12: E32-8ads v7 | N12: 8 vCPUs, 256 GB RAM, 1760 GB Temp Storage | O12: 1604.51 | P12: =O12*12 -> 19254.12 | Q12: 649.03 | R12: =Q12*12 -> 7788.36 | S12: 585.76 | T12: =S12*12 -> 7029.12
B13: oracle-b1.hsk.mol.dmgt.net | C13: Linux Server | D13: Oracle | E13: MOL - Oracle | F13: Slough | G13: MOL Production | H13: 8 | I13: =J13/1024 -> 250.92383 | J13: 256946 | K13: 81274.88 | L13: 16 CPUs | M13: E32-8ads v7 | N13: 8 vCPUs, 256 GB RAM, 1760 GB Temp Storage | O13: 1604.51 | P13: =O13*12 -> 19254.12 | Q13: 649.03 | R13: =Q13*12 -> 7788.36 | S13: 585.76 | T13: =S13*12 -> 7029.12
B14: oracle-b2.hsk.mol.dmgt.net | C14: Linux Server | D14: Oracle | E14: MOL - Oracle | F14: SLough | G14: MOL Production | H14: 8 | I14: =J14/1024 -> 250.92383 | J14: 256946 | K14: 81274.88 | L14: 16 vCPUs | M14: E32-8ads v7 | N14: 8 vCPUs, 256 GB RAM, 1760 GB Temp Storage | O14: 1604.51 | P14: =O14*12 -> 19254.12 | Q14: 649.03 | R14: =Q14*12 -> 7788.36 | S14: 585.76 | T14: =S14*12 -> 7029.12
O15: =SUM(O9:O14) -> 9627.06 | P15: =SUM(P9:P14) -> 115524.72 | Q15: =SUM(Q9:Q14) -> 3894.18 | R15: =SUM(R9:R14) -> 46730.16 | S15: =SUM(S9:S14) -> 3514.56 | T15: =SUM(T9:T14) -> 42174.72
B16: Germany West Central Pricing - Storage
B17: Name | C17: Storage (GB) | D17: Recommended Disk | E17: Disk 1 | F17: Monthly Price | G17: Disk 2 | H17: Monthly Price | I17: Disk 3 | J17: Monthly Price | K17: Disk 4 (where applicable) | L17: Monthly Price | M17: Annual Price in Total | N17: Monthly Cost for Cost Model D
B18: oracle-a1.hsk.mol.dmgt.net | C18: 81274.88 | D18: Premium SSD LRS | E18: P80 (32767 GiB) | F18: 2982.84 | G18: P80 (32767 GiB) | H18: 2982.84 | I18: P70 (16384 GiB) | J18: 1491.42 | K18: N/A | M18: =(F18+H18+J18+L18)*12 -> 89485.2 | N18: =(F18+H18+J18+L18) -> 7457.1
B19: oracle-a1.int.mol.dmgt.net | C19: 114053.1 | D19: Premium SSD LRS | E19: P80 (32767 GiB) | F19: 2982.84 | G19: P80 (32767 GiB) | H19: 2982.84 | I19: P80 (32767 GiB) | J19: 2982.84 | K19: P70 (16384 GiB) | L19: 1491.42 | M19: =(F19+H19+J19+L19)*12 -> 125279.28 | N19: =(F19+H19+J19+L19) -> 10439.94
B20: oracle-a2.hsk.mol.dmgt.net | C20: 81274.88 | D20: Premium SSD LRS | E20: P80 (32767 GiB) | F20: 2982.84 | G20: P80 (32767 GiB) | H20: 2982.84 | I20: P70 (16384 GiB) | J20: 1491.42 | K20: N/A | M20: =(F20+H20+J20+L20)*12 -> 89485.2 | N20: =(F20+H20+J20+L20) -> 7457.1
B21: oracle-a2.int.mol.dmgt.net | C21: 114042.9 | D21: Premium SSD LRS | E21: P80 (32767 GiB) | F21: 2982.84 | G21: P80 (32767 GiB) | H21: 2982.84 | I21: P80 (32767 GiB) | J21: 2982.84 | K21: P70 (16384 GiB) | L21: 1491.42 | M21: =(F21+H21+J21+L21)*12 -> 125279.28 | N21: =(F21+H21+J21+L21) -> 10439.94
B22: oracle-b1.hsk.mol.dmgt.net | C22: 81274.88 | D22: Premium SSD LRS | E22: P80 (32767 GiB) | F22: 2982.84 | G22: P80 (32767 GiB) | H22: 2982.84 | I22: P70 (16384 GiB) | J22: 1491.42 | K22: N/A | M22: =(F22+H22+J22+L22)*12 -> 89485.2 | N22: =(F22+H22+J22+L22) -> 7457.1
B23: oracle-b2.hsk.mol.dmgt.net | C23: 81274.88 | D23: Premium SSD LRS | E23: P80 (32767 GiB) | F23: 2982.84 | G23: P80 (32767 GiB) | H23: 2982.84 | I23: P70 (16384 GiB) | J23: 1491.42 | K23: N/A | M23: =(F23+H23+J23+L23)*12 -> 89485.2 | N23: =(F23+H23+J23+L23) -> 7457.1
N24: =SUM(N18:N23) -> 50708.28
