Workbook

Sheet Instructions
A1: Instructions — dependency-mapping.xlsx
A2: Read this before opening any other tab
A4: PURPOSE
A5: Map application-to-application and application-to-infrastructure dependencies. This is used to identify dependency clusters in Phase 2 and sequence migration waves in Phase 4. Applications with tightly-coupled dependencies cannot be separated across different migration waves.
A7: WHO FILLS THIS IN
A8: Lead Architect (facilitation) + Application Owners (workshop participants). The dependency data comes from two sources: (1) automated discovery tooling (Azure Migrate network dependencies, AWS ADS, GCP Migration Center), and (2) workshops with application owners.
A10: WHEN TO USE
A11: Phase 1 Weeks 2–6. Workshops with application owners should be scheduled in Phase 1 Week 2 while discovery tooling is still collecting data in the background. Do not wait for Phase 1 to complete.
A13: WHAT 'GOOD DATA' LOOKS LIKE
A14: • Every Tier-1 application has its dependencies validated by its application owner
A15: • Dependency Cluster IDs assigned to all tightly-coupled groups
A16: • External dependencies (SaaS, APIs, third-party services) are documented
... A26: CRA Framework v2.0 | Rackspace Cloud Solutions Architecture | dependency-mapping.xlsx

Sheet Dashboard
A1: CLOUD READINESS ASSESSMENT
A2: DEPENDENCY MAPPING TEMPLATE
A4: PROJECT INFORMATION
A5: Field | B5: Value | E5: Field | F5: Value
A6: Project Name | B6: [Enter Project Name] | E6: Project Manager | F6: [Enter PM Name]
A7: Organization | B7: [Enter Organization] | E7: Technical Lead | F7: [Enter Tech Lead]
A8: Assessment Start Date | B8: [Enter Date] | E8: Target Completion | F8: [Enter Date]
A9: Cloud Target(s) | B9: [AWS/Azure/GCP] | E9: Assessment Phase | F9: [Discovery/Analysis]
A11: DISCOVERY METRICS (Auto-Calculated)
A12: Metric | B12: Count | C12: Source
A13: Total Servers Discovered | B13: =COUNTA(Server_Inventory!A:A)-4 | C13: Server_Inventory
A14: Total Network Connections | B14: =COUNTA(Network_Dependencies!A:A)-4 | C14: Network_Dependencies
A15: Total Application Dependencies | B15: =COUNTA(App_Dependencies!A:A)-4 | C15: App_Dependencies
A16: Total Processes Mapped | B16: =COUNTA(Process_Mapping!A:A)-4 | C16: Process_Mapping
A18: DISCOVERY SOURCE BREAKDOWN
A19: Source | B19: Servers | C19: Network | D19: Apps | E19: Processes
A20: AWS ADS | B20: =COUNTIF(Server_Inventory!M:M,"*AWS*") | C20: =COUNTIF(Network_Dependencies!Q:Q,"*AWS*") | D20: =COUNTIF(App_Dependencies!P:P,"*AWS*") | E20: =COUNTIF(Process_Mapping!R:R,"*AWS*")
A21: Azure Migrate | B21: =COUNTIF(Server_Inventory!M:M,"*Azure*") | C21: =COUNTIF(Network_Dependencies!Q:Q,"*Azure*") | D21: =COUNTIF(App_Dependencies!P:P,"*Azure*") | E21: =COUNTIF(Process_Mapping!R:R,"*Azure*")
A22: GCP Migration Center | B22: =COUNTIF(Server_Inventory!M:M,"*GCP*") | C22: =COUNTIF(Network_Dependencies!Q:Q,"*GCP*") | D22: =COUNTIF(App_Dependencies!P:P,"*GCP*") | E22: =COUNTIF(Process_Mapping!R:R,"*GCP*")
A23: Manual Entry | B23: =COUNTIF(Server_Inventory!M:M,"Manual") | C23: =COUNTIF(Network_Dependencies!Q:Q,"Manual") | D23: =COUNTIF(App_Dependencies!P:P,"Manual") | E23: =COUNTIF(Process_Mapping!R:R,"Manual")
A25: DEPENDENCY CRITICALITY ANALYSIS
A26: Criticality Level | B26: Count | C26: Percentage
A27: Critical | B27: =COUNTIF(App_Dependencies!I:I,"Critical") | C27: =IF($B$15>0,TEXT(B27/$B$15,"0%"),"0%")
A28: High | B28: =COUNTIF(App_Dependencies!I:I,"High") | C28: =IF($B$15>0,TEXT(B28/$B$15,"0%"),"0%")
A29: Medium | B29: =COUNTIF(App_Dependencies!I:I,"Medium") | C29: =IF($B$15>0,TEXT(B29/$B$15,"0%"),"0%")
A30: Low | B30: =COUNTIF(App_Dependencies!I:I,"Low") | C30: =IF($B$15>0,TEXT(B30/$B$15,"0%"),"0%")
A32: READINESS ASSESSMENT STATUS
A33: Assessment Area | B33: Status | C33: Completion % | D33: Owner | E33: Notes
A34: Server Discovery | B34: Not Started | C34: 0
A35: Network Dependency Mapping | B35: Not Started | C35: 0
A36: Application Dependency Analysis | B36: Not Started | C36: 0
A37: Process Inventory | B37: Not Started | C37: 0
A38: Data Validation | B38: Not Started | C38: 0
A39: Stakeholder Review | B39: Not Started | C39: 0
A41: TEMPLATE INSTRUCTIONS
A42: Step 1: Fill in Project Information above
A43: Step 2: Deploy cloud discovery tools (AWS ADS, Azure Migrate, GCP Migration Center)
A44: Step 3: Export data and populate inventory sheets
A45: Step 4: Dashboard metrics auto-calculate as data is added
A46: Step 5: Update status and complete stakeholder review
A48: PREREQUISITES & REMEDIATION SUMMARY
A49: Cloud Provider | B49: Total Prerequisites | C49: Complete | D49: In Progress | E49: Blocked
A50: AWS ADS | B50: 16 | C50: =COUNTIF(Prerequisites_Remediation!D7:D22,"✓ Complete") | D50: =COUNTIF(Prerequisites_Remediation!D7:D22,"⏳ In Progress") | E50: =COUNTIF(Prerequisites_Remediation!D7:D22,"⚠ Blocked")
A51: Azure Migrate | B51: 18 | C51: =COUNTIF(Prerequisites_Remediation!D26:D43,"✓ Complete") | D51: =COUNTIF(Prerequisites_Remediation!D26:D43,"⏳ In Progress") | E51: =COUNTIF(Prerequisites_Remediation!D26:D43,"⚠ Blocked")
A52: GCP Migration Center | B52: 16 | C52: =COUNTIF(Prerequisites_Remediation!D47:D62,"✓ Complete") | D52: =COUNTIF(Prerequisites_Remediation!D47:D62,"⏳ In Progress") | E52: =COUNTIF(Prerequisites_Remediation!D47:D62,"⚠ Blocked")
A54: Category | B54: Total Items | C54: Validated/Resolved | D54: Pending
A55: Assumptions | B55: 15 | C55: =COUNTIF(Prerequisites_Remediation!D66:D80,"Yes") | D55: =COUNTIF(Prerequisites_Remediation!D66:D80,"Pending")
A56: Active Gaps/Remediation Items | B56: 20 | C56: =COUNTIF(Prerequisites_Remediation!C107:C116,"✓ Complete") | D56: =COUNTIF(Prerequisites_Remediation!C107:C116,"⏳ In Progress")+COUNTIF(Prerequisites_Remediation!C107:C116,"⚠ Blocked")

Sheet Overview
A1: CLOUD READINESS ASSESSMENT - DEPENDENCY MAPPING TEMPLATE
A2: Reusable Template for Cloud Migration Dependency Discovery
A4: PURPOSE
A5: This template provides a standardized, cloud-agnostic approach to capture dependency mapping data
A6: as part of cloud readiness assessment projects. It is designed to be populated with data from:
A7: • AWS Application Discovery Service (ADS)
A8: • Azure Migrate Dependency Analysis
A9: • Google Cloud Migration Center
A10: • Manual discovery and documentation
A12: CLOUD PROVIDER TOOLS REFERENCE
A13: Cloud Provider | B13: Migration Tool | C13: Dependency Feature | D13: Discovery Method | E13: Export Format
A14: AWS | B14: Application Discovery Service | C14: Agent & Agentless Discovery | D14: TCP Connections, Processes | E14: CSV via Migration Hub
A15: Azure | B15: Azure Migrate | C15: Dependency Analysis | D15: Service Map, TCP Data | E15: CSV, Log Analytics
A16: Google Cloud | B16: Migration Center | C16: Application Dependency Mapping | D16: Topology Scanning | E16: BigQuery, CSV
A18: TEMPLATE SHEETS OVERVIEW
A19: Sheet Name | B19: Purpose | C19: Data Source | D19: Key Fields
A20: Dashboard | B20: Project overview & auto-calculated metrics | C20: Auto-populated from other sheets | D20: Metrics, Status, Progress
A21: Server_Inventory | B21: Master list of discovered servers | C21: Cloud tool exports | D21: Server ID, IP, OS, Resources
A22: Network_Dependencies | B22: TCP connections between servers | C22: Agent-based discovery | D22: Source, Destination, Ports
A23: App_Dependencies | B23: Application-to-application dependencies | C23: Discovery + Manual input | D23: Apps, Criticality, Protocols
A24: Process_Mapping | B24: Running processes on servers | C24: Agent-based discovery | D24: Processes, Ports, Resources
A25: Tool_Reference | B25: Cloud tool guidance | C25: Reference documentation | D25: Commands, Features, Tips
A26: Process_Data_Guide | B26: Detailed instructions for extracting process data | C26: Reference guide - AWS, Azure, GCP extraction methods | D26: Commands, Queries, Field Mappings
A27: Prerequisites_Remediation | B27: Prerequisites, assumptions & remediation guide | C27: Template reference + project tracking | D27: Prerequisites, Assumptions, Gaps, Remediation
A28: HOW TO USE THIS TEMPLATE
A29: Step | B29: Action | C29: Details
A30: 1 | B30: Initialize Project | C30: Fill in project information on Dashboard sheet
A31: 2 | B31: Deploy Discovery Tools | C31: Install AWS ADS Agent, Azure Migrate Appliance, or GCP collectors
A32: 3 | B32: Run Discovery | C32: Allow tools to collect data (typically 1-4 weeks for complete mapping)
A33: 4 | B33: Export Data | C33: Use native export features to download CSV/BigQuery data
A34: 5 | B34: Populate Sheets | C34: Map exported fields to template columns using Tool_Reference guide
A35: 6 | B35: Validate Data | C35: Cross-check dependencies, identify gaps
A36: 7 | B36: Review & Sign-off | C36: Stakeholder review of dependency mapping completeness
A38: DEPENDENCY MAPPING SCOPE
A39: In Scope | B39: Out of Scope
A40: Server discovery and inventory | B40: Migration wave planning
A41: Network dependency mapping (TCP connections) | B41: Target architecture design
A42: Application-to-application dependencies | B42: Migration execution
A43: Process and service mapping | B43: Cost estimation/TCO
A44: Dependency criticality assessment | B44: Workload right-sizing
A45: Data validation and review | B45: Application modernization decisions
A47: VERSION CONTROL
A48: Version | B48: Date | C48: Author | D48: Changes
A49: 1 | B49: [Date] | C49: [Author] | D49: Initial template creation

Sheet Server_Inventory
A1: SERVER INVENTORY
A2: Cloud Readiness Assessment - Dependency Mapping Template
A3: Instructions: Populate with data exported from AWS ADS, Azure Migrate, or GCP Migration Center
A5: Server ID | B5: Hostname | C5: FQDN | D5: Primary IP | E5: Secondary IPs | F5: Operating System | G5: OS Version | H5: CPU Cores | I5: RAM (GB) | J5: Storage (GB) | K5: Environment | L5: Data Center/Location | M5: Application Name | N5: Server Role | O5: Hypervisor/Platform | P5: Discovery Source | Q5: Discovery Date | R5: AWS ADS ID | S5: Azure Migrate ID | T5: GCP MC ID
A6: [Auto/Manual] | B6: [hostname] | C6: [fqdn.domain.com] | D6: [x.x.x.x] | E6: [comma separated] | F6: [Windows/Linux] | G6: [version] | H6: [#] | I6: [#] | J6: [#] | K6: [Prod/Dev/Test] | L6: [DC Name] | M6: [App Name] | N6: [Web/DB/App] | O6: [VMware/HyperV/KVM/Physical] | P6: [AWS ADS/Azure Migrate/GCP Migration Center/Manual] | Q6: [YYYY-MM-DD] | R6: [d-server-xxx] | S6: [srv-xxx] | T6: [mc-xxx]

Sheet Network_Dependencies
A1: NETWORK DEPENDENCIES
A2: Cloud Readiness Assessment - TCP Connection Mapping
A3: Instructions: Capture TCP connections from AWS ADS exports, Azure Migrate, or GCP Migration Center
A5: Connection ID | B5: Source Server ID | C5: Source Hostname | D5: Source IP | E5: Source Process | F5: Source Port | G5: Dest Server ID | H5: Dest Hostname | I5: Dest IP | J5: Dest Port | K5: Dest Process | L5: Protocol | M5: Bytes Transferred | N5: Connection Count | O5: First Observed | P5: Last Observed | Q5: Dependency Type | R5: Discovery Source | S5: Notes
A6: [Auto/CON-xxx] | B6: [SRV-xxx] | C6: [hostname] | D6: [x.x.x.x] | E6: [process name] | F6: [port#] | G6: [SRV-xxx] | H6: [hostname] | I6: [x.x.x.x] | J6: [port#] | K6: [process name] | L6: [TCP/UDP] | M6: [bytes] | N6: [count] | O6: [YYYY-MM-DD] | P6: [YYYY-MM-DD] | Q6: [Database/API/Web/Cache/etc] | R6: [AWS ADS/Azure Migrate/GCP Migration Center/Manual] | S6: [notes]

Sheet App_Dependencies
A1: APPLICATION DEPENDENCIES
A2: Cloud Readiness Assessment - Application-to-Application Dependency Mapping
A3: Instructions: Document dependencies between applications for readiness assessment
A5: Dependency ID | B5: Source Application | C5: Source Owner | D5: Source Environment | E5: Target Application | F5: Target Owner | G5: Target Environment | H5: Dependency Direction | I5: Criticality | J5: Protocol | K5: Port(s) | L5: Data Flow Description | M5: SLA Requirement | N5: Can Operate Independently? | O5: Readiness Impact | P5: Discovery Source | Q5: Validation Status | R5: Notes
A6: [APP-DEP-xxx] | B6: [App Name] | C6: [Team/Owner] | D6: [Prod/Dev/Test] | E6: [App Name] | F6: [Team/Owner] | G6: [Prod/Dev/Test] | H6: [Inbound/Outbound/Bidirectional] | I6: [Critical/High/Medium/Low] | J6: [HTTPS/TCP/REST/SOAP] | K6: [port#] | L6: [description] | M6: [99.99%/99.9%/etc] | N6: [Yes/No/Degraded] | O6: [Critical/High/Medium/Low] | P6: [AWS ADS/Azure Migrate/GCP Migration Center/Manual] | Q6: [Validated/Pending/Failed] | R6: [notes]

Sheet Process_Mapping
A1: PROCESS MAPPING
A2: Cloud Readiness Assessment - Server Process Discovery
A3: Instructions: Populate with process data from agent-based discovery (AWS ADS Agent, Azure Dependency Agent)
A5: Process ID | B5: Server ID | C5: Hostname | D5: Process Name | E5: Process Path | F5: Process User | G5: PID | H5: Parent Process | I5: Application Name | J5: Listening Ports | K5: Active Connections | L5: CPU Usage (%) | M5: Memory Usage (MB) | N5: Start Time | O5: Status | P5: Service Type | Q5: Dependencies | R5: Discovery Source | S5: Notes
A6: [PROC-xxx] | B6: [SRV-xxx] | C6: [hostname] | D6: [process] | E6: [/path/to/process] | F6: [user] | G6: [#] | H6: [parent] | I6: [App Name] | J6: [port,port] | K6: [#] | L6: [%] | M6: [MB] | N6: [datetime] | O6: [Running/Stopped] | P6: [Web/DB/App/Cache/Queue] | Q6: [comma separated] | R6: [AWS ADS/Azure Migrate/GCP Migration Center/Manual] | S6: [notes]

Sheet Tool_Reference
A1: CLOUD DEPENDENCY MAPPING - TOOL REFERENCE GUIDE
A2: Quick Reference for AWS, Azure, and Google Cloud Native Discovery Tools
A4: AWS APPLICATION DISCOVERY SERVICE (ADS)
A5: Feature | B5: Description | C5: Data Captured | D5: Export Method | E5: Best Use Case
A6: Agentless Discovery | B6: VMware vCenter Connector OVA | C6: VM inventory, basic metrics | D6: CSV via Migration Hub | E6: Quick inventory scan
A7: Agent-Based Discovery | B7: Discovery Agent on each server | C7: Processes, TCP connections, performance | D7: CSV Export, API | E7: Deep dependency mapping
A8: Network Connections | B8: TCP connection capture between servers | C8: Source/Dest IP, Port, Bytes | D8: Network CSV Export | E8: Server communication mapping
A9: Migration Hub | B9: Centralized discovery dashboard | C9: Aggregated server data | D9: Console, API | E9: Unified view
A11: AWS ADS Export Commands:
A12: Command | B12: Purpose
A13: aws discovery start-export-task | B13: Export data to S3 bucket
A14: aws discovery describe-configurations | B14: Query server configurations
A15: aws discovery list-configurations | B15: List all discovered items
A17: AZURE MIGRATE - DEPENDENCY ANALYSIS
A18: Feature | B18: Description | C18: Data Captured | D18: Export Method | E18: Best Use Case
A19: Agentless Analysis | B19: Azure Migrate Appliance polls TCP | C19: Source/Dest server, process, port | D19: CSV (30 days retention) | E19: VMware, Hyper-V, Physical
A20: Agent-Based Analysis | B20: Log Analytics + Dependency Agent | C20: Connections, latency, data transfer | D20: Log Analytics Query | E20: Deep analysis with Service Map
A21: Dependency Visualization | B21: Interactive map of connections | C21: Visual graph, connection details | D21: Screenshot, CSV | E21: Understanding architecture
A22: Service Map | B22: Azure Monitor solution | C22: Process-level dependencies | D22: Kusto Query | E22: Complex environments
A24: Azure Migrate Capabilities:
A25: Capability | B25: Details
A26: Polling Frequency | B26: Every 5 minutes for TCP data
A27: Data Retention | B27: 30 days (agentless), configurable (agent)
A28: Supported Platforms | B28: VMware, Hyper-V, Physical, AWS, GCP VMs
A30: GOOGLE CLOUD MIGRATION CENTER
A31: Feature | B31: Description | C31: Data Captured | D31: Export Method | E31: Best Use Case
A32: Migration Center Discovery | B32: Automated asset discovery | C32: Server inventory, dependencies | D32: BigQuery, CSV | E32: Multi-cloud environments
A33: Application Mapping | B33: Cross-workload dependencies | C33: Server interactions, topology | D33: BigQuery, Console | E33: Complex architectures
A34: BigQuery Exporter | B34: Advanced analytics export | C34: Full infrastructure data | D34: BigQuery tables | E34: Custom reporting
A36: GCP Partner Tools:
A37: Tool | B37: Provider | C37: Key Feature
A38: CAST Software | B38: CAST | C38: Static code analysis
A39: Matilda Cloud | B39: Matilda | C39: Agentless topology discovery
A40: Txture | B40: Txture | C40: IT infrastructure mapping
A42: DATA FIELD MAPPING GUIDE
A43: Map exported data from each cloud tool to this template's columns
A45: SERVER_INVENTORY FIELD MAPPING
A46: Template Column
A47: Server ID | B47: configurationId | C47: Machine ID | D47: Asset ID
A48: Hostname | B48: server.hostName | C48: Machine name | D48: Name
A49: Primary IP | B49: networkInterfaceInfo.ipAddress | C49: IP addresses | D49: IP Address
A50: Operating System | B50: server.osName | C50: Operating system | D50: OS Type
A51: OS Version | B51: server.osVersion | C51: OS version | D51: OS Version
A52: CPU Cores | B52: server.cpuCount | C52: Number of cores | D52: CPU Count
A53: RAM (GB) | B53: server.totalRamInMB / 1024 | C53: Memory (MB) / 1024 | D53: Memory GB
A55: NETWORK_DEPENDENCIES FIELD MAPPING
A56: Template Column
A57: Source IP | B57: sourceServer.ipAddress | C57: Source IP | D57: Source Address
A58: Source Process | B58: sourceProcess.name | C58: Source process name | D58: Source Process
A59: Dest IP | B59: destinationServer.ipAddress | C59: Destination IP | D59: Destination Address
A60: Dest Port | B60: destinationPort | C60: Destination port | D60: Destination Port
A61: Bytes Transferred | B61: bytesTransferred | C61: Data sent/received | D61: Traffic Volume
A63: BEST PRACTICES FOR DEPENDENCY DISCOVERY
A64: Recommendation
A65: Discovery Duration | B65: Run discovery for 2-4 weeks to capture periodic connections
A66: Multiple Sources | B66: Use both agentless AND agent-based for comprehensive coverage
A67: Validate Results | B67: Cross-check discovered dependencies with application owners
A68: Document Manual Entries | B68: Some dependencies may not be captured automatically
A69: Update Regularly | B69: Re-run discovery before major migration phases
A71: TEMPLATE VERSION INFORMATION
A72: Item
A73: Template Version | B73: 1
A74: Last Updated | B74: 46113
A75: Scope | B75: Cloud Readiness Assessment - Dependency Mapping

Sheet Process_Data_Guide
A1: PROCESS MAPPING DATA COLLECTION GUIDE
A2: How to Extract Process Data from AWS, Azure, and GCP Migration Tools
A4: AWS APPLICATION DISCOVERY SERVICE - PROCESS DATA EXTRACTION
A5: ⚠️ PREREQUISITE: Agent-Based Discovery Required - Agentless does NOT capture process data
A7: Method 1: AWS Console Export
A8: Step | B8: Action | C8: Details | D8: Output
A9: 1 | B9: Navigate to Migration Hub | C9: AWS Console → Migration Hub → Discover → Servers | D9: Server list
A10: 2 | B10: Select Server | C10: Click on server hostname | D10: Server detail page
A11: 3 | B11: View Processes Tab | C11: Click 'Running processes' tab | D11: Process list
A12: 4 | B12: Export Data | C12: Click 'Export' → Select 'Running processes' | D12: CSV download
A13: 5 | B13: Repeat for All | C13: Export for each server | D13: Multiple CSVs
A15: Method 2: AWS CLI Bulk Export
A16: Command | B16: Purpose
A17: aws discovery start-export-task --export-data-format CSV | B17: Initiates bulk export to S3
A18: aws discovery describe-export-tasks | B18: Check export status
A19: processes.csv in S3 bucket | B19: Contains all process data
A21: AWS ADS → Process_Mapping Field Mapping
A22: Template Column | B22: AWS ADS Field | C22: Notes
A23: Process Name | B23: process.name | C23: Executable name
A24: Process Path | B24: process.cmdLine | C24: Full command line
A25: Process User | B25: process.user | C25: Running user
A26: Listening Ports | B26: process.transportProtocol + portNumber | C26: Combine fields
A27: CPU Usage (%) | B27: process.cpuUsagePct | C27: Average CPU
A28: Memory Usage (MB) | B28: process.memoryUsageMB | C28: Memory consumption
A31: AZURE MIGRATE - PROCESS DATA EXTRACTION
A32: ⚠️ PREREQUISITE: Agentless = limited data | Agent-Based (Service Map) = full process details
A34: Method 1: Agentless Dependency Analysis (Limited Process Data)
A35: Step | B35: Action | C35: Details | D35: Output
A36: 1 | B36: Enable Dependency Analysis | C36: Azure Portal → Azure Migrate → Enable | D36: Polling starts
A37: 2 | B37: Wait 30 days | C37: Appliance polls every 5 minutes | D37: Data accumulates
A38: 3 | B38: View Dependencies | C38: Click server → Dependencies | D38: Process names & ports
A39: 4 | B39: Export CSV | C39: Click 'Export' button | D39: CSV file
A41: Method 2: Agent-Based (Service Map) - RECOMMENDED for Full Process Data
A42: Step | B42: Action | C42: Details | D42: Output
A43: 1 | B43: Create Log Analytics Workspace | C43: Azure Portal → Log Analytics → Create | D43: Workspace ready
A44: 2 | B44: Enable Service Map | C44: Workspace → Solutions → Add Service Map | D44: Solution enabled
A45: 3 | B45: Install Log Analytics Agent | C45: Download & install on servers | D45: Agent reporting
A46: 4 | B46: Install Dependency Agent | C46: Install after LA Agent | D46: Full capture starts
A47: 5 | B47: Query VMProcess table | C47: Log Analytics → Logs → KQL query | D47: Process data
A48: 6 | B48: Export Results | C48: Export query to CSV | D48: All fields available
A50: KQL Query for Process Data:
A51: VMProcess | where TimeGenerated > ago(7d)
A52: | project Computer, Process, ExecutablePath, UserName, Pid, WorkingSet
A53: | summarize by Computer, Process, ExecutablePath, UserName
A55: Azure → Process_Mapping Field Mapping
A56: Template Column | B56: Service Map Field | C56: Agentless Field | D56: Notes
A57: Process Name | B57: Process | C57: Process name | D57: Both methods
A58: Process Path | B58: ExecutablePath | C58: N/A | D58: Agent only
A59: Process User | B59: UserName | C59: N/A | D59: Agent only
A60: PID | B60: Pid | C60: N/A | D60: Agent only
A61: Memory (MB) | B61: WorkingSet / 1048576 | C61: N/A | D61: Convert bytes
A62: Listening Ports | B62: Query VMConnection | C62: DestinationPort | D62: Join tables
A65: GOOGLE CLOUD MIGRATION CENTER - PROCESS DATA EXTRACTION
A66: ⚠️ PREREQUISITE: Discovery Client (mcdc) or Partner Tools (StratoZone) required for process data
A68: Method 1: Migration Center Discovery Client (mcdc)
A69: Step | B69: Action | C69: Details | D69: Output
A70: 1 | B70: Download mcdc | C70: gcloud migration-center discovery-client download | D70: mcdc binary
A71: 2 | B71: Run Discovery | C71: mcdc discover --project=PROJECT_ID | D71: Collects process data
A72: 3 | B72: Upload Data | C72: mcdc upload --project=PROJECT_ID | D72: Data in console
A73: 4 | B73: Export to BigQuery | C73: Migration Center → Export → BigQuery | D73: BQ tables
A74: 5 | B74: Query & Export | C74: SELECT * FROM dataset.processes | D74: CSV export
A76: Method 2: StratoZone (Partner Tool - More Detailed)
A77: Step | B77: Action | C77: Details | D77: Output
A78: 1 | B78: Request Access | C78: Contact Google Cloud or partner | D78: Portal access
A79: 2 | B79: Deploy Collector | C79: Install StratoProbe in environment | D79: Discovery starts
A80: 3 | B80: Install Agent | C80: Deploy on servers for process data | D80: Process capture
A81: 4 | B81: Generate Reports | C81: StratoZone → Reports | D81: Process report
A82: 5 | B82: Export Data | C82: Reports → Export CSV | D82: All fields
A84: GCP → Process_Mapping Field Mapping
A85: Template Column | B85: Migration Center Field | C85: StratoZone Field | D85: Notes
A86: Process Name | B86: process_name | C86: process_name | D86: Both methods
A87: Process Path | B87: process_path (partial) | C87: executable_path | D87: StratoZone better
A88: Process User | B88: process_user (partial) | C88: run_as_user | D88: StratoZone better
A89: Listening Ports | B89: listening_ports | C89: open_ports | D89: Both methods
A90: CPU Usage (%) | B90: cpu_utilization | C90: avg_cpu_percent | D90: Both methods
A91: Memory (MB) | B91: memory_usage_mb | C91: memory_mb | D91: Both methods
A94: PROCESS DATA CAPABILITY COMPARISON
A95: Process_Mapping Field | B95: AWS ADS (Agent) | C95: Azure (Service Map) | D95: GCP (mcdc/StratoZone)
A96: Process Name | B96: ✅ Full | C96: ✅ Full | D96: ✅ Full
A97: Process Path | B97: ✅ Full | C97: ✅ Full | D97: ⚠️ Partial / ✅ StratoZone
A98: Process User | B98: ✅ Full | C98: ✅ Full | D98: ⚠️ Partial / ✅ StratoZone
A99: PID | B99: ⚠️ Limited | C99: ✅ Full | D99: ❌ N/A
A100: Parent Process | B100: ❌ N/A | C100: ✅ Full | D100: ❌ N/A
A101: Listening Ports | B101: ✅ Full | C101: ✅ Full | D101: ✅ Full
A102: CPU Usage | B102: ✅ Full | C102: ⚠️ Requires query | D102: ✅ Full
A103: Memory Usage | B103: ✅ Full | C103: ✅ Full | D103: ✅ Full
A104: Active Connections | B104: ✅ Full | C104: ✅ Full | D104: ✅ Full
A106: Legend: | B106: ✅ = Full | ⚠️ = Partial | ❌ = N/A
A109: REMEDIATION: WHEN PROCESS DATA IS NOT AVAILABLE
A110: Scenario | B110: Root Cause | C110: Remediation | D110: Fallback
A111: No process data | B111: Agentless only | C111: Deploy agents | D111: Manual: ps aux / Get-Process
A112: Missing process path | B112: Agent limitation | C112: Use agent-based | D112: Manual: wmic process
A113: No listening ports | B113: Firewall blocking | C113: Update firewall rules | D113: Manual: netstat -tlnp
A114: Partial coverage | B114: Incomplete deployment | C114: Complete agent rollout | D114: Prioritize critical servers
A115: Stale data | B115: Short discovery period | C115: Run 2-4 weeks minimum | D115: Re-run discovery
A116: Unsupported OS | B116: Legacy OS | C116: Document as gap | D116: Manual collection
A117: Permission denied | B117: Insufficient privileges | C117: Request admin access | D117: Work with server owners
A120: MANUAL PROCESS COLLECTION COMMANDS (FALLBACK)
A121: OS | B121: Command | C121: Purpose
A122: Linux | B122: ps aux --sort=-%mem | head -50 | C122: Top 50 processes by memory
...

Sheet Prerequisites_Remediation
A1: PREREQUISITES, ASSUMPTIONS & REMEDIATION GUIDE
A2: Cloud Readiness Assessment - Dependency Mapping Template
A3: Document prerequisites, validate assumptions, and define remediation actions when dependency data cannot be captured
A5: AWS APPLICATION DISCOVERY SERVICE (ADS) - PREREQUISITES
A6: Prerequisite Category | B6: Prerequisite Item | C6: Description/Requirement | D6: Status | E6: Responsible Party | F6: Notes/Remediation
A7: Account & Permissions | B7: AWS Account | C7: Active AWS account with billing enabled | D7: ☐ Not Started | E7: [Assign Owner] | F7: Create AWS account if not available
A8: Account & Permissions | B8: IAM Permissions | C8: AWSApplicationDiscoveryServiceFullAccess policy | D8: ☐ Not Started | E8: [Assign Owner] | F8: Create IAM role with required permissions
A9: Account & Permissions | B9: Migration Hub Access | C9: Access to AWS Migration Hub in target region | D9: ☐ Not Started | E9: [Assign Owner] | F9: Enable Migration Hub in supported region
A10: Network Requirements | B10: Outbound Internet | C10: HTTPS (443) to discovery.us-west-2.amazonaws.com | D10: ☐ Not Started | E10: [Assign Owner] | F10: Configure firewall/proxy rules
A11: Network Requirements | B11: Internal Network | C11: Agent must reach all servers to discover | D11: ☐ Not Started | E11: [Assign Owner] | F11: Review network segmentation
A12: Agent-Based Discovery | B12: Discovery Agent | C12: Download and install AWS Discovery Agent on servers | D12: ☐ Not Started | E12: [Assign Owner] | F12: Plan agent deployment strategy
A13: Agent-Based Discovery | B13: Supported OS | C13: Windows 2008R2+, Amazon Linux, Ubuntu, RHEL, CentOS | D13: ☐ Not Started | E13: [Assign Owner] | F13: Identify unsupported OS - use agentless
A14: Agent-Based Discovery | B14: Root/Admin Access | C14: Administrator (Win) or root (Linux) for installation | D14: ☐ Not Started | E14: [Assign Owner] | F14: Obtain elevated credentials
A15: Agentless Discovery | B15: VMware vCenter | C15: vCenter Server 5.5+ with read-only credentials | D15: ☐ Not Started | E15: [Assign Owner] | F15: Request vCenter access from VMware team
A16: Agentless Discovery | B16: OVA Appliance | C16: Deploy Discovery Connector OVA in VMware env | D16: ☐ Not Started | E16: [Assign Owner] | F16: Download OVA from AWS console
A17: Agentless Discovery | B17: vCenter Permissions | C17: Read-only access to VMs, folders, datacenters | D17: ☐ Not Started | E17: [Assign Owner] | F17: Create service account in vCenter
... A22: Documentation | B22: Server Inventory | C22: Initial server list for agent deployment planning | D22: ☐ Not Started | E22: [Assign Owner] | F22: Export from CMDB or manual collection
A24: AZURE MIGRATE - DEPENDENCY ANALYSIS PREREQUISITES
A25: Prerequisite Category | B25: Prerequisite Item | C25: Description/Requirement | D25: Status | E25: Responsible Party | F25: Notes/Remediation
A26: Subscription & Permissions | B26: Azure Subscription | C26: Active Azure subscription with Contributor access | D26: ☐ Not Started | E26: [Assign Owner] | F26: Create subscription or request access
A27: Subscription & Permissions | B27: Resource Group | C27: Resource group for Azure Migrate project | D27: ☐ Not Started | E27: [Assign Owner] | F27: Create RG in target region
A28: Subscription & Permissions | B28: RBAC Permissions | C28: Contributor role on subscription or resource group | D28: ☐ Not Started | E28: [Assign Owner] | F28: Request RBAC assignment from Azure admin
A29: Subscription & Permissions | B29: Azure Migrate Project | C29: Create Azure Migrate project in portal | D29: ☐ Not Started | E29: [Assign Owner] | F29: Navigate to Azure Migrate > Create project
A30: Agentless Discovery | B30: Azure Migrate Appliance | C30: Deploy appliance VM (OVA for VMware, VHD for Hyper-V) | D30: ☐ Not Started | E30: [Assign Owner] | F30: Download from Azure portal
A31: Agentless Discovery | B31: Appliance Requirements | C31: 16 GB RAM, 8 vCPUs, 80 GB disk minimum | D31: ☐ Not Started | E31: [Assign Owner] | F31: Provision VM meeting requirements
A32: Agentless Discovery | B32: vCenter Credentials | C32: Read-only account for VMware vCenter (VMware only) | D32: ☐ Not Started | E32: [Assign Owner] | F32: Create service account
A33: Agentless Discovery | B33: Hyper-V Credentials | C33: Domain or local admin for Hyper-V hosts | D33: ☐ Not Started | E33: [Assign Owner] | F33: Obtain credentials from Hyper-V team
A34: Network Requirements | B34: Outbound Connectivity | C34: HTTPS 443 to *.azure.com, *.microsoftonline.com | D34: ☐ Not Started | E34: [Assign Owner] | F34: Configure proxy/firewall exceptions
A35: Network Requirements | B35: Port Requirements | C35: TCP 443, 5985 (WinRM), 22 (SSH) for discovery | D35: ☐ Not Started | E35: [Assign Owner] | F35: Open required ports
A36: Agent-Based Analysis | B36: Log Analytics Workspace | C36: Create workspace for dependency data storage | D36: ☐ Not Started | E36: [Assign Owner] | F36: Create in same region as Migrate project
... A43: Timeline | B43: Discovery Duration | C43: Minimum 2-4 weeks for comprehensive mapping | D43: ☐ Not Started | E43: [Assign Owner] | F43: Plan in project schedule
A45: GOOGLE CLOUD MIGRATION CENTER - PREREQUISITES
A46: Prerequisite Category | B46: Prerequisite Item | C46: Description/Requirement | D46: Status | E46: Responsible Party | F46: Notes/Remediation
A47: Project & Permissions | B47: GCP Project | C47: Active GCP project with billing enabled | D47: ☐ Not Started | E47: [Assign Owner] | F47: Create project in GCP Console
A48: Project & Permissions | B48: IAM Roles | C48: Migration Center Admin or Editor role | D48: ☐ Not Started | E48: [Assign Owner] | F48: Assign roles/migrationcenter.admin
A49: Project & Permissions | B49: API Enablement | C49: Enable Migration Center API | D49: ☐ Not Started | E49: [Assign Owner] | F49: gcloud services enable migrationcenter.googleapis.com
A50: Project & Permissions | B50: Service Account | C50: Service account for discovery collectors | D50: ☐ Not Started | E50: [Assign Owner] | F50: Create SA with required permissions
A51: Discovery Methods | B51: Discovery Client CLI | C51: Install mcdc (Migration Center Discovery Client) | D51: ☐ Not Started | E51: [Assign Owner] | F51: Download from GCP documentation
A52: Discovery Methods | B52: VMware Discovery | C52: vSphere credentials for VMware environments | D52: ☐ Not Started | E52: [Assign Owner] | F52: Create read-only vCenter account
A53: Discovery Methods | B53: AWS Import | C53: AWS credentials for cross-cloud discovery | D53: ☐ Not Started | E53: [Assign Owner] | F53: Create IAM user with read permissions
A54: Discovery Methods | B54: Azure Import | C54: Azure credentials for cross-cloud discovery | D54: ☐ Not Started | E54: [Assign Owner] | F54: Create service principal
A55: Network Requirements | B55: Outbound HTTPS | C55: HTTPS 443 to *.googleapis.com | D55: ☐ Not Started | E55: [Assign Owner] | F55: Configure firewall rules
A56: Network Requirements | B56: Collector Network | C56: Collector must reach all target servers | D56: ☐ Not Started | E56: [Assign Owner] | F56: Review network topology
A57: Data Export | B57: BigQuery Dataset | C57: Create BigQuery dataset for export | D57: ☐ Not Started | E57: [Assign Owner] | F57: Create dataset in same region
... A62: Timeline | B62: Discovery Duration | C62: 2-4 weeks minimum for comprehensive data | D62: ☐ Not Started | E62: [Assign Owner] | F62: Allocate time in project plan
A64: KEY ASSUMPTIONS FOR DEPENDENCY MAPPING
A65: Assumption ID | B65: Assumption Category | C65: Assumption Statement | D65: Validation Required? | E65: Impact if Invalid | F65: Validated By
A66: ASM-001 | B66: Network Access | C66: All servers are reachable from discovery tools/agents | D66: Yes | E66: Incomplete dependency discovery | F66: [Validator]
A67: ASM-002 | B67: Credentials | C67: Required credentials will be provided within project timeline | D67: Yes | E67: Discovery delays | F67: [Validator]
A68: ASM-003 | B68: Discovery Duration | C68: 4-week discovery period captures all periodic connections | D68: Yes | E68: Missing monthly/quarterly batch jobs | F68: [Validator]
A69: ASM-004 | B69: Agent Deployment | C69: Agents can be deployed on all in-scope servers | D69: Yes | E69: Gaps in process-level data | F69: [Validator]
A70: ASM-005 | B70: VMware Environment | C70: VMware vCenter is available for agentless discovery | D70: Yes | E70: Must use agent-based only | F70: [Validator]
A71: ASM-006 | B71: Firewall Rules | C71: Firewall changes can be implemented for discovery traffic | D71: Yes | E71: Limited connectivity data | F71: [Validator]
A72: ASM-007 | B72: Application Knowledge | C72: Application owners can validate discovered dependencies | D72: Yes | E72: Unvalidated dependency data | F72: [Validator]
A73: ASM-008 | B73: Data Accuracy | C73: Discovery tools capture >90% of active connections | D73: Yes | E73: Manual gap analysis required | F73: [Validator]
A74: ASM-009 | B74: Server Inventory | C74: Initial server inventory is accurate and complete | D74: Yes | E74: Missing servers in discovery | F74: [Validator]
A75: ASM-010 | B75: Change Freeze | C75: No major infrastructure changes during discovery period | D75: Yes | E75: Inconsistent baseline data | F75: [Validator]
A76: ASM-011 | B76: Cloud Account Access | C76: Cloud accounts (AWS/Azure/GCP) provisioned before kickoff | D76: Yes | E76: Project start delays | F76: [Validator]
... A80: ASM-015 | B80: Security Approvals | C80: Security team approves agent deployment and data collection | D80: Yes | E80: Blocked discovery activities | F80: [Validator]
A82: REMEDIATION ACTIONS - WHEN DEPENDENCY DATA CANNOT BE CAPTURED
A83: Gap ID | B83: Data Gap Scenario | C83: Root Cause | D83: Remediation Action | E83: Fallback Approach | F83: Risk if Unresolved
A84: GAP-001 | B84: Agent cannot be installed on legacy servers | C84: Unsupported OS (Windows 2003, old Linux) | D84: Use agentless discovery + manual interviews | E84: Manual dependency documentation from SMEs | F84: Incomplete process-level dependencies
A85: GAP-002 | B85: Network connections not visible | C85: Firewall blocking discovery traffic | D85: Request firewall rule changes for discovery ports | E85: Network team provides firewall logs for analysis | F85: Missing inter-zone dependencies
A86: GAP-003 | B86: vCenter access not available | C86: VMware team security restrictions | D86: Escalate to management, provide security docs | E86: Deploy agents on individual VMs instead | F86: No agentless discovery capability
A87: GAP-004 | B87: Encrypted traffic not decoded | C87: TLS/SSL connections hide application data | D87: Use agent-based discovery for process names | E87: Application owner interviews to identify endpoints | F87: Unknown application-level dependencies
A88: GAP-005 | B88: Cloud account not provisioned | C88: Approval delays for cloud access | D88: Parallel track: prepare while awaiting access | E88: Use third-party tools (CAST, Matilda) if licensed | F88: Delayed project start
A89: GAP-006 | B89: Batch jobs not captured | C89: Jobs run monthly/quarterly, outside discovery window | D89: Extend discovery period or schedule job runs | E89: Review job scheduler configs, interview operators | F89: Missing periodic dependencies
A90: GAP-007 | B90: DR/Secondary site not discovered | C90: Agents not deployed in DR environment | D90: Include DR environment in discovery scope | E90: Manual documentation of DR dependencies | F90: Incomplete DR dependency map
A91: GAP-008 | B91: Third-party SaaS dependencies | C91: External services not in discovery scope | D91: Manual documentation of SaaS integrations | E91: Application config review, DNS analysis | F91: Unknown external dependencies
A92: GAP-009 | B92: Database dependencies unclear | C92: Connection pooling hides actual sources | D92: Query database connection logs directly | E92: DBA interviews, application config review | F92: Inaccurate DB dependency mapping
A93: GAP-010 | B93: Containerized workloads | C93: Traditional agents don't work in containers | D93: Use container-native discovery (if available) | E93: Review Kubernetes/Docker configs, service mesh | F93: Missing container dependencies
A94: GAP-011 | B94: Load balancer hiding backends | C94: VIP masks actual server connections | D94: Discover LB configs, document backend pools | E94: Network team provides LB configuration export | F94: Incomplete server-to-server mapping
... A103: GAP-020 | B103: Discovery data export fails | C103: Tool export functionality issues | D103: Troubleshoot with cloud support | E103: Manual data extraction via console/API | F103: Delayed data population
A105: PROJECT-SPECIFIC PREREQUISITE TRACKING
A106: Tracking ID | B106: Prerequisite/Assumption/Gap | C106: Current Status | D106: Target Date | E106: Owner | F106: Resolution Notes
A107: TRK-001 | B107: [Enter prerequisite, assumption, or gap reference] | C107: ☐ Not Started | D107: [YYYY-MM-DD] | E107: [Assign Owner] | F107: [Enter resolution notes]
A108: TRK-002 | B108: [Enter prerequisite, assumption, or gap reference] | C108: ☐ Not Started | D108: [YYYY-MM-DD] | E108: [Assign Owner] | F108: [Enter resolution notes]
A109: TRK-003 | B109: [Enter prerequisite, assumption, or gap reference] | C109: ☐ Not Started | D109: [YYYY-MM-DD] | E109: [Assign Owner] | F109: [Enter resolution notes]
A110: TRK-004 | B110: [Enter prerequisite, assumption, or gap reference] | C110: ☐ Not Started | D110: [YYYY-MM-DD] | E110: [Assign Owner] | F110: [Enter resolution notes]
A111: TRK-005 | B111: [Enter prerequisite, assumption, or gap reference] | C111: ☐ Not Started | D111: [YYYY-MM-DD] | E111: [Assign Owner] | F111: [Enter resolution notes]
A112: TRK-006 | B112: [Enter prerequisite, assumption, or gap reference] | C112: ☐ Not Started | D112: [YYYY-MM-DD] | E112: [Assign Owner] | F112: [Enter resolution notes]
A113: TRK-007 | B113: [Enter prerequisite, assumption, or gap reference] | C113: ☐ Not Started | D113: [YYYY-MM-DD] | E113: [Assign Owner] | F113: [Enter resolution notes]
A114: TRK-008 | B114: [Enter prerequisite, assumption, or gap reference] | C114: ☐ Not Started | D114: [YYYY-MM-DD] | E114: [Assign Owner] | F114: [Enter resolution notes]
A115: TRK-009 | B115: [Enter prerequisite, assumption, or gap reference] | C115: ☐ Not Started | D115: [YYYY-MM-DD] | E115: [Assign Owner] | F115: [Enter resolution notes]
A116: TRK-010 | B116: [Enter prerequisite, assumption, or gap reference] | C116: ☐ Not Started | D116: [YYYY-MM-DD] | E116: [Assign Owner] | F116: [Enter resolution notes]
A118: QUICK REFERENCE - STATUS VALUES & USAGE GUIDE
A120: Status Values: | D120: How to Use This Sheet:
A121: ☐ Not Started - Prerequisite has not been addressed | D121: 1. Review all prerequisites for your target cloud(s)
A122: ⏳ In Progress - Work is underway to meet prerequisite | D122: 2. Assign owners and update status as work progresses
A123: ✓ Complete - Prerequisite has been met and validated | D123: 3. Document any assumptions that apply to your project
A124: ⚠ Blocked - Prerequisite blocked, remediation needed | D124: 4. If gaps occur, reference Remediation section for solutions
A125: ✗ Not Applicable - Prerequisite not relevant for this project | D125: 5. Track project-specific items in the tracking table
A127: SECTION NAVIGATION
A128: Section | B128: Row Range | C128: Description | D128: Color Code
A129: AWS ADS Prerequisites | B129: Rows 5-22 | C129: AWS Application Discovery Service requirements | D129: Orange (#FF9900)
A130: Azure Migrate Prerequisites | B130: Rows 24-43 | C130: Azure Migrate Dependency Analysis requirements | D130: Blue (#0078D4)
A131: GCP Migration Center Prerequisites | B131: Rows 45-62 | C131: Google Cloud Migration Center requirements | D131: Google Blue (#4285F4)
A132: Key Assumptions | B132: Rows 64-80 | C132: Assumptions for dependency mapping project | D132: Green (#2E7D32)
A133: Remediation Actions | B133: Rows 82-103 | C133: Actions when data cannot be captured | D133: Red (#C62828)
A134: Project Tracking | B134: Rows 105-116 | C134: Track project-specific items | D134: Purple (#6A1B9A)

Sheet Dependency Heat Map
A1: Dependency Heat Map — Applications by Cluster and Coupling Level
A2: Cluster ID | B2: Application Name | C2: App Tier | D2: Coupling Level | E2: Notes
A3: C001 | B3: [App Name - from inventory] | C3: Tier 1 | D3: Tightly Coupled | E3: Cannot migrate independently - shares DB with C001-B
A4: C001 | B4: [App Name - from inventory] | C4: Tier 2 | D4: Tightly Coupled | E4: C001 cluster must move together in same wave
A5: C002 | B5: [App Name - from inventory] | C5: Tier 3 | D5: Loosely Coupled | E5: Soft dependency - can migrate in adjacent wave
A6: NONE | B6: [App Name - from inventory] | C6: Tier 3 | D6: Independent | E6: No dependencies - Wave 0 PoC candidate
A7: Legend: | B7: Tightly Coupled = must migrate in same wave | C7: Loosely Coupled = adjacent wave | D7: Independent = any wave
